delete from CITY where true;
insert into CITY (cityid, cityName, regionid, countryid, showOrder)
values (1, '', 77, 1, 0)
, (2, 'Москва', 77, 1, 0)
, (3, 'Дзержинский', 77, 1, 0)
, (4, 'Раменское', 77, 1, 0)
, (5, 'Тула', 77, 1, 0)
, (6, 'Всеволожск', 77, 1, 0)
, (7, 'Кубинка', 77, 1, 0)
, (8, 'С.-Петербург', 77, 1, 0)
, (9, 'Калининград', 77, 1, 0)
, (10, 'Королев', 77, 1, 0)
, (11, 'Балашиха', 77, 1, 0)
, (12, 'Ленинградская обл.', 77, 1, 0)
, (13, 'Брянск', 77, 1, 0)
;

delete from CLASSES where true;
insert into CLASSES (ClassesId, name, prior, minPoints, maxPoints, separate)
values (0, '_', 0, null, null, false)
, (1, 'M', 1, null, null, true)
, (2, 'S', 2, null, null, true)
, (3, 'A', 3, 24, 100, true)
, (4, 'B', 4, 22, 100, true)
, (5, 'C', 5, 20, 30, false)
, (6, 'D', 6, 18, 28, false)
, (7, 'E', 7, 16, 26, false)
, (8, 'H5', 8, null, null, false)
, (9, 'H4', 9, null, null, false)
, (10, 'H3', 10, null, null, false)
;

delete from CLUB where true;
insert into CLUB (
    clubID 
    , clubName 
    , cityid 
    , chief1SurName 
    , Chief1FirstName 
) 
values 
(37, '', 2, '', ''),
(1, '', 1, '', ''),
(43, '', 13, '', ''),
(11, '10 ритмов', 4, 'Хлебутина', 'Елена'),
(28, 'Авалон', 2, '', ''),
(34, 'Алиса', 10, 'Чернецов', 'Сергей'),
(39, 'АЛС', 2, '', ''),
(41, 'Альба', 2, '', ''),
(25, 'Альтаир', 2, 'Логунова', 'Екатерина'),
(13, 'Апрель', 2, 'Аксенюк', 'Карина'),
(5, 'Арт-Данс', 2, 'Коматина', 'Светлана'),
(33, 'Арт Дэнс Сколково', 2, '', ''),
(26, 'Аста', 2, 'Ржевская', 'Елена'),
(38, 'Вариации века', 2, 'Виноградова', 'Ирина'),
(24, 'Галант', 8, '', ''),
(16, 'Грация-МГУ', 2, '', ''),
(40, 'Джайв', 12, '', ''),
(30, 'ДК Прожектор', 2, 'Соколов', 'Александр'),
(27, 'Драйв', 2, '', ''),
(15, 'Дуэт', 6, 'Балашов', 'Константин'),
(17, 'Латина плюс', 7, 'Боброва', 'Елена'),
(10, 'Людмила', 2, 'Фраткина', 'Людмила'),
(12, 'Мечта', 5, 'Алексеева', 'Татьяна'),
(45, 'Мистерия', 2, '', ''),
(6, 'На Юго-Западе', 2, 'Муравьева', 'Елена'),
(36, 'Нева', 8, 'Андрейченко', 'Андрей'),
(29, 'Ониона', 9, 'Смирнова', 'Елизавета'),
(35, 'Ониона-М', 11, '', ''),
(42, 'Орион', 2, '', ''),
(21, 'Открытие', 2, '', ''),
(44, 'Прима-С', 2, 'Якоб', 'Светлана'),
(22, 'Притяжение', 2, 'Каплин', 'Владимир'),
(2, 'Прометей-Гранд', 2, 'Секистов', 'Виктор'),
(23, 'Ронд', 8, '', ''),
(7, 'Русский стандарт', 2, 'Пархоменко', 'Марина'),
(19, 'Сигма', 2, 'Станиславская', 'Майя'),
(31, 'Супер', 2, '', ''),
(9, 'Твист', 2, 'Ермакова', 'Екатерина'),
(18, 'Феникс', 2, '', ''),
(4, 'Фестиваль', 2, 'Горбачева', 'Ольга'),
(20, 'Фокс', 2, '', ''),
(3, 'Шоколад', 2, 'Ветковская', 'Татьяна'),
(8, 'Энергия', 3, 'Шорина', 'Светлана'),
(32, 'Энерджи', 6, '', ''),
(14, 'Юнона', 2, 'Буров', 'Виктор')
;

delete from DANCER where true;

INSERT INTO DANCER (dancerId, surName, firstName, fatherName, sex, FTSRNumber, BirthDay, clubId, classStId, classLaId) VALUES
(1, 'Касперович', 'Варвара', 'Юрьевна', 'f', 5500001, '2010-02-05 00:00:00.000', 4, 7, 7)
, (2, 'Ляхова', 'Софья', 'Александровна', 'f', 5500002, '2009-09-13', 4, 7, 7)
, (3, 'Селятицкая', 'Алиса', 'Алексеевна', 'f', 5500003, '2011-05-05', 14, 7, 7)
, (4, 'Рыбакова', 'Анна', 'Андреевна', 'f', 5500004, '2009-01-23', 14, 7, 7)
, (5, 'Асламина', 'Арина', 'Сергеевна', 'f', 5500005, '2009-11-26', 6, 7, 7)
, (6, 'Савинюк', 'Виктория', 'Сергеевна', 'f', 5500006, '2009-03-27', 14, 7, 7)
, (7, 'Смирнова', 'Варвара', 'Николаевна', 'f', 5500007, '2008-01-30', 26, 6, 6)
, (8, 'Селиванова', 'Любовь', 'Геннадьевна', 'f', 5500008, '2007-01-01', 13, 7, 7)
, (9, 'Дианова', 'Дарья', 'Дмитриевна', 'f', 5500009, '2007-12-28', 14, 5, 5)
, (10, 'Андреянова', 'Алина', 'Михайловна', 'f', 5500010, '2008-03-29', 14, 6, 6)
, (11, 'Кузьменко', 'Игорь', 'Всеволодович', 'm', 5500011, '2010-01-20', 22, 7, 7)
, (12, 'Баринова', 'Анна', 'Алексеевна', 'f', 5500012, '2010-10-04', 22, 7, 7)
, (13, 'Кулапин', 'Алексей', 'Денисович', 'm', 5500013, '2011-01-15', 4, 7, 7)
, (14, 'Рассудова', 'Екатерина', 'Андреевна', 'f', 5500014, '2010-10-01', 4, 7, 7)
, (15, 'Петров', 'Семён', 'Алексеевич', 'm', 5500015, '2008-08-04', 13, 7, 7)
, (16, 'Артемьева', 'Дарья', 'Денисовна', 'f', 5500016, '2009-03-24', 13, 7, 7)
, (17, 'Рябенко', 'Сергей', 'Сергеевич', 'm', 5500017, '2009-05-22', 26, 7, 7)
, (18, 'Осипова', 'Полина', 'Александровна', 'f', 5500018, '2011-01-22', 26, 7, 7)
, (19, 'Стрежнев', 'Александр', 'Андреевич', 'm', 5500019, '2006-11-24', 33, 6, 6)
, (20, 'Никитина', 'Арина', 'Андреевна', 'f', 5500020, '2008-08-16', 33, 6, 6)
, (21, 'Кузин', 'Андрей', 'Сергеевич', 'm', 5500021, '2007-12-18', 14, 6, 6)
, (22, 'Шамаева', 'Мария', 'Васильевна', 'f', 5500022, '2008-08-25', 14, 6, 6)
, (23, 'Смирнов', 'Кирилл', 'Дмитриевич', 'm', 5500023, '2007-05-28', 4, 7, 7)
, (24, 'Белякова', 'Анна', 'Сергеевна', 'f', 5500024, '2009-08-07', 4, 7, 7)
, (25, 'Алфёров', 'Вячеслав', 'Андреевич', 'm', 5500025, '2007-01-10', 17, 6, 6)
, (26, 'Ефремова', 'София', 'Павловна', 'f', 5500026, '2008-01-08', 17, 6, 6)
, (27, 'Асламов', 'Владислав', 'Алексеевич', 'm', 5500027, '2008-09-23', 15, 7, 7)
, (28, 'Виноградова', 'Мария', 'Александровна', 'f', 5500028, '2008-02-26', 15, 7, 7)
, (29, 'Морозов', 'Фёдор', 'Владимирович', 'm', 5500029, '2007-10-16', 26, 6, 6)
, (30, 'Терзинова', 'Анастасия', 'Петровна', 'f', 5500030, '2008-07-10', 26, 6, 6)
, (31, 'Ефанов', 'Максим', 'Станиславович', 'm', 5500031, '2006-09-09', 14, 6, 6)
, (32, 'Поперечная', 'Алексия', 'Владиславовна', 'f', 5500032, '2010-01-24', 14, 6, 6)
, (33, 'Коровина', 'Арина', 'Витальевна', 'f', 5500033, '2008-11-05', 15, 7, 7)
, (34, 'Котова', 'Виктория', 'Владимировна', 'f', 5500034, '2008-03-15', 6, 6, 6)
, (35, 'Головкин', 'Тимофей', 'Петрович', 'm', 5500035, '2008-07-14', 14, 6, 6)
, (36, 'Дианова', 'Валентина', 'Дмитриевна', 'f', 5500036, '2009-10-09', 14, 5, 5)
, (37, 'Бирюков', 'Никита', 'Алексеевич', 'm', 5500037, '2006-01-09', 15, 6, 6)
, (38, 'Никишина', 'Мария', 'Игоревна', 'f', 5500038, '2007-03-08', 15, 6, 6)
, (39, 'Рюжин', 'Юрий', 'Сергеевич', 'm', 5500039, '2006-12-26', 14, 7, 7)
, (40, 'Жильцова', 'Анастасия', 'Алексеевна', 'f', 5500040, '2009-03-30', 14, 6, 6)
, (41, 'Арапов', 'Николай', 'Денисович', 'm', 5500041, '2007-12-11', 4, 6, 6)
, (42, 'Сидоренко', 'Аделаида', 'Юрьевна', 'f', 5500042, '2008-03-11', 4, 6, 6)
, (43, 'Гурина', 'Дарья', 'Александровна', 'f', 5500043, '2008-07-15', 14, 6, 6)
, (44, 'Вадалова', 'Эмилия', 'Алексеевна', 'f', 5500044, '2006-08-19', 15, 6, 6)
, (45, 'Александров', 'Максим', 'Вадимович', 'm', 5500045, '2004-09-06', 17, 7, 7)
, (46, 'Мухина', 'Алина', 'Игоревна', 'f', 5500046, '2006-10-23', 17, 6, 6)
, (47, 'Михайлов', 'Дмитрий', 'Алексеевич', 'm', 5500047, '1980-06-24', 3, 7, 7)
, (48, 'Михайлова', 'Светлана', 'Петровна', 'f', 5500048, '1988-10-25', 3, 7, 7)
, (49, 'Тамимдарова', 'София', 'Муслимовна', 'f', 5500049, '2012-08-31', 3, 7, 7)
, (50, 'Зимина', 'Анастасия', 'Дмитриевна', 'f', 5500050, '2008-09-17', 11, 7, 7)
, (51, 'Бочкарёв', 'Руслан', 'Александрович', 'm', 5500051, '2010-10-11', 11, 7, 7)
, (52, 'Иванченко', 'Дмитрий', 'Александрович', 'm', 5500052, '2008-09-04', 15, 7, 7)
, (53, 'Зюзина', 'Арина', 'Николаевна', 'f', 5500053, '2010-04-02', 3, 7, 7)
, (54, 'Абросимова', 'Варвара', 'Сергеевна', 'f', 5500056, '2013-04-26', 17, 6, 6)
, (55, 'Майоров', 'Фёдор', 'Максимович', 'm', 5500057, '2009-06-22', 17, 7, 7)
, (56, 'Ясько', 'Татьяна', 'Артёмовна', 'f', 5500058, '2008-12-08', 26, 6, 6)
, (57, 'Пашкова', 'Анна', 'Станиславовна', 'f', 5500059, '1900-01-01', 6, 6, 6)
, (58, 'Гусев', 'Артём', 'Олегович', 'm', 5500060, '2009-07-20', 25, 7, 7)
, (59, 'Евсеичева', 'Анастасия', 'Александровна', 'f', 5500061, '2011-03-31', 25, 7, 7)
, (60, 'Хохлов', 'Иван', 'Олегович', 'm', 5500062, '2011-03-09', 11, 7, 7)
, (61, 'Качалкина', 'Татьяна', 'Дмитриевна', 'f', 5500063, '2011-07-15', 11, 7, 7)
, (62, 'Гусев', 'Роман', 'Олегович', 'm', 5500064, '2011-06-30', 25, 7, 7)
, (63, 'Ананьева', 'Дарья', 'Алексеевна', 'f', 5500065, '2010-11-25', 25, 7, 7)
, (64, 'Иванов', 'Тимур', 'Константинович', 'm', 5500066, '2010-08-27', 8, 7, 7)
, (65, 'Чиркунова', 'Полина', 'Сергеевна', 'f', 5500067, '2010-12-05', 8, 7, 7)
, (66, 'Голубцов', 'Даниил', 'Сергеевич', 'm', 5500068, '2009-12-13', 14, 7, 7)
, (67, 'Рюжина', 'Варвара', 'Сергеевна', 'f', 5500069, '2011-02-23', 14, 7, 7)
, (68, 'Журавлёв', 'Максим', 'Артемьевич', 'm', 5500070, '2009-12-22', 22, 6, 6)
, (69, 'Берин', 'Александра', 'Юрьевна', 'f', 5500071, '2008-01-21', 22, 6, 6)
, (70, 'Голубцов', 'Александр', 'Сергеевич', 'm', 5500072, '2008-04-23', 14, 7, 7)
, (71, 'Царькова', 'Наталья', 'Александровна', 'f', 5500073, '2010-05-18', 14, 6, 6)
, (72, 'Цай', 'Артемий', 'Олегович', 'm', 5500074, '2007-08-13', 6, 5, 5)
, (73, 'Блинова', 'Варвара', 'Сергеевна', 'f', 5500075, '2008-10-27', 6, 6, 6)
, (74, 'Миронов', 'Ярослав', 'Артёмович', 'm', 5500076, '2008-04-30', 8, 7, 7)
, (75, 'Убоженко', 'Александр', 'Николаевич', 'm', 5500078, '2008-09-06', 13, 7, 7)
, (76, 'Бахарева', 'Ксения', 'Николаевна', 'f', 5500079, '2010-07-02', 13, 7, 7)
, (77, 'Куницын', 'Владислав', 'Вячеславович', 'm', 5500080, '2008-12-22', 13, 7, 7)
, (78, 'Артёмова', 'Полина', 'Евгеньевна', 'f', 5500081, '2010-09-13', 13, 7, 7)
, (79, 'Башуров', 'Владимир', 'Михайлович', 'm', 5500082, '2007-11-22', 15, 7, 7)
, (80, 'Серомолот', 'Ксения', 'Александровна', 'f', 5500083, '2008-02-27', 15, 7, 7)
, (81, 'Сафонов', 'Евгений', 'Александрович', 'm', 5500084, '2006-09-25', 17, 6, 6)
, (82, 'Жмайлова', 'Александра', 'Витальевна', 'f', 5500085, '2006-12-12', 17, 7, 7)
, (83, 'Ясько', 'Егор', 'Артёмович', 'm', 5500086, '2006-12-29', 26, 6, 6)
, (84, 'Щепкина', 'Александра', 'Сергеевна', 'f', 5500087, '2007-04-29', 26, 7, 7)
, (85, 'Дунина', 'Ксения', 'Алексеевна', 'f', 5500088, '2010-09-02', 7, 6, 6)
, (86, 'Куницына', 'Серафима', 'Ильинична', 'f', 5500093, '2009-10-09', 31, 7, 7)
, (87, 'Кожухова', 'Дарья', 'Григорьевна', 'f', 5500095, '2009-07-15', 31, 7, 7)
, (88, 'Одушкина', 'Валерия', 'Сергеевна', 'f', 5500096, '2008-12-12', 14, 7, 7)
, (89, 'Никишина', 'Полина', 'Александровна', 'f', 5500097, '2005-12-07', 34, 6, 6)
, (90, 'Ермакова', 'Ева', 'Валерьевна', 'f', 5500098, '2006-11-15', 34, 7, 7)
, (91, 'Казимова', 'Милана', 'Низамиевна', 'f', 5500100, '2008-06-17', 22, 7, 7)
, (92, 'Леонов', 'Максим', 'Артёмович', 'm', 5500102, '2007-08-31', 7, 7, 7)
, (93, 'Смирнова', 'Полина', 'Александровна', 'f', 5500103, '2008-12-27', 7, 7, 7)
, (94, 'Изосимов', 'Фёдор', 'Романович', 'm', 5500104, '2009-11-08', 22, 6, 6)
, (95, 'Моисеева', 'Виктория', 'Юрьевна', 'f', 5500105, '2008-11-01', 22, 6, 6)
, (96, 'Лазарев', 'Михаил', 'Юрьевич', 'm', 5500106, '2007-08-02', 14, 6, 6)
, (97, 'Егорова', 'Ольга', 'Александровна', 'f', 5500107, '2008-07-24', 14, 7, 7)
, (98, 'Шабусов', 'Дмитрий', 'Павлович', 'm', 5500108, '2006-12-20', 13, 7, 7)
, (99, 'Григорян', 'София', '', 'f', 5500111, '2010-03-30', 17, 7, 7)
, (100, 'Пакулов', 'Макар', 'Кириллович', 'm', 5500112, '2007-04-02', 7, 6, 6)
, (101, 'Мамченко', 'Маргарита', 'Андреевна', 'f', 5500113, '2008-12-14', 7, 6, 6)
, (102, 'Деулина', 'Полина', 'Сергеевна', 'f', 5500114, '2007-08-23', 14, 6, 6)
, (103, 'Халилов', 'Тимур', 'Алтаевич', 'm', 5500115, '2007-05-28', 10, 6, 6)
, (104, 'Пегова', 'Арина', 'Михайловна', 'f', 5500116, '2006-04-27', 10, 6, 6)
, (105, 'Муравьёв', 'Артём', 'Романович', 'm', 5500117, '2008-03-31', 13, 6, 6)
, (106, 'Смоляр', 'Кристина', 'Марковна', 'f', 5500118, '2009-01-19', 13, 6, 6)
, (107, 'Занис', 'Диана', 'Игоревна', 'f', 5500120, '2011-09-29', 11, 7, 7)
, (108, 'Сырцов', 'Тимофей', 'Алексеевич', 'm', 5500122, '2009-06-18', 15, 7, 7)
, (109, 'Колпакова', 'Дарья', 'Дмитриевна', 'f', 5500123, '2010-10-24', 3, 7, 7)
, (110, 'Таряник', 'Арина', 'Владимировна', 'f', 5500126, '2007-08-18', 4, 6, 6)
, (111, 'Половников', 'Данила', 'Андреевич', 'm', 5500127, '2008-10-29', 15, 7, 7)
, (112, 'Рогова', 'Дарья', 'Анатольевна', 'f', 5500130, '2011-07-28', 11, 7, 7)
, (113, 'Бухтияров', 'Антон', 'Сергеевич', 'm', 5500131, '2007-08-22', 14, 6, 6)
, (114, 'Мигачёва', 'Юлия', 'Сергеевна', 'f', 5500132, '2008-06-15', 14, 7, 7)
, (115, 'Тарасенков', 'Артём', 'Сергеевич', 'm', 5500133, '2009-07-12', 32, 7, 7)
, (116, 'Бугай', 'Варвара', 'Владимировна', 'f', 5500134, '2010-08-30', 32, 7, 7)
, (117, 'Голованов', 'Даниил', 'Андреевич', 'm', 5500135, '2007-03-17', 11, 7, 7)
, (118, 'Капитонова', 'Вера', 'Константиновна', 'f', 5500136, '2008-08-16', 11, 7, 7)
, (119, 'Меренков', 'Денис', 'Витальевич', 'm', 5500137, '2007-01-14', 7, 5, 5)
, (120, 'Саленова', 'Полина', 'Сергеевна', 'f', 5500138, '2006-02-08', 7, 5, 5)
, (121, 'Тирских', 'Григорий', 'Андреевич', 'm', 5500139, '2005-02-05', 17, 6, 6)
, (122, 'Недоводеева', 'Арина', 'Тимуровна', 'f', 5500140, '2005-08-02', 17, 6, 6)
, (123, 'Жданов', 'Михаил', 'Алексеевич', 'm', 5500145, '2008-06-17', 4, 5, 5)
, (124, 'Пшенина', 'Вероника', 'Олеговна', 'f', 5500146, '2007-08-29', 4, 5, 5)
, (125, 'Коряков', 'Арсений', 'Максимович', 'm', 5500147, '2006-01-17', 29, 5, 5)
, (126, 'Абаев', 'Денис', 'Радикович', 'm', 5500148, '2006-10-02', 6, 4, 4)
, (127, 'Павлова', 'Елизавета', 'Евгеньевна', 'f', 5500149, '2008-11-04', 6, 5, 5)
, (128, 'Скоков', 'Михаил', 'Сергеевич', 'm', 5500150, '2004-05-01', 7, 4, 4)
, (129, 'Вартик', 'Анастасия', 'Сергеевна', 'f', 5500151, '2005-11-17', 7, 4, 4)
, (130, 'Радчук', 'Илья', 'Викторович', 'm', 5500152, '2002-04-07', 7, 5, 5)
, (131, 'Уварова', 'Валерия', 'Александровна', 'f', 5500153, '2001-11-08', 7, 5, 5)
, (132, 'Ракитин', 'Пётр', 'Андреевич', 'm', 5500155, '1999-10-22', 6, 3, 3)
, (133, 'Певцова', 'Вероника', 'Дмитриевна', 'f', 5500156, '2006-07-13', 6, 4, 4)
, (134, 'Коновалов', 'Григорий', 'Андреевич', 'm', 5500157, '2008-08-10', 7, 6, 6)
, (135, 'Изопайтис', 'Александр', 'Станиславович', 'm', 5500158, '2005-03-03', 4, 6, 6)
, (136, 'Червякова', 'Елизавета', 'Алексеевна', 'f', 5500159, '2004-09-29', 4, 5, 5)
, (137, 'Колесников', 'Антон', 'Юрьевич', 'm', 5500160, '2003-05-19', 25, 6, 6)
, (138, 'Елисеева', 'Ксения', 'Алексеевна', 'f', 5500161, '2001-08-27', 25, 6, 6)
, (139, 'Автамонов', 'Андрей', 'Сергеевич', 'm', 5500162, '2003-07-06', 30, 5, 5)
, (140, 'Опарина', 'Надежда', 'Ильинична', 'f', 5500163, '2002-12-25', 30, 5, 5)
, (141, 'Малухин', 'Кирилл', 'Дмитриевич', 'm', 5500164, '2006-12-27', 14, 6, 6)
, (142, 'Скачков', 'Артём', 'Владимирович', 'm', 5500165, '2005-12-07', 7, 5, 5)
, (143, 'Мастрюкова', 'Дарья', 'Сергеевна', 'f', 5500166, '2006-01-14', 7, 5, 5)
, (144, 'Журавлёв', 'Марк', 'Сергеевич', 'm', 5500167, '2007-11-05', 8, 6, 6)
, (145, 'Петухова', 'Вероника', 'Павловна', 'f', 5500168, '2007-09-21', 8, 7, 7)
, (146, 'Христин', 'Антон', 'Евгеньевич', 'm', 5500169, '2005-09-23', 5, 6, 6)
, (147, 'Полянская', 'Каролина', 'Андреевна', 'f', 5500170, '2005-05-28', 5, 6, 6)
, (148, 'Астахов', 'Павел', 'Сергеевич', 'm', 5500171, '1999-07-10', 4, 6, 6)
, (149, 'Батамирова', 'Марфа', 'Игоревна', 'f', 5500172, '2009-02-21', 22, 6, 6)
, (150, 'Васильева', 'Анастасия', 'Романовна', 'f', 5500174, '2008-09-22', 13, 7, 7)
, (151, 'Прохорова', 'Антонина', 'Александровна', 'f', 5500175, '2005-06-28', 4, 6, 6)
, (152, 'Титова', 'Таисия', 'Андреевна', 'f', 5500177, '2011-07-02', 14, 7, 7)
, (153, 'Яхонтов', 'Ярослав', 'Дмитриевич', 'm', 5500178, '2006-01-09', 7, 6, 6)
, (154, 'Андрианова', 'Ксения', 'Павловна', 'f', 5500179, '2007-08-01', 34, 7, 7)
, (155, 'Волощенко', 'Василиса', 'Ильинична', 'f', 5500180, '2009-12-30', 31, 7, 7)
, (156, 'Волковицкая', 'Виктория', 'Альбертовна', 'f', 5500192, '2007-06-22', 38, 6, 6)
, (157, 'Никитин', 'Максим', 'Андреевич', 'm', 5500193, '2005-01-15', 38, 6, 6)
, (158, 'Мотуз', 'Михаил', 'Денисович', 'm', 5500194, '2009-03-06', 36, 6, 6)
, (159, 'Маслова', 'Евгения', 'Алексеевна', 'f', 5500195, '2009-01-11', 36, 6, 6)
, (160, 'Тихомиров', 'Григорий', 'Алексеевич', 'm', 5500196, '2006-01-08', 36, 5, 5)
, (161, 'Латышева', 'Эвелина', 'Михайловна', 'f', 5500197, '2006-12-21', 36, 5, 5)
, (162, 'Ломовцева', 'Арина', 'Сергеевна', 'f', 5500198, '2007-10-01', 36, 5, 5)
, (163, 'Воропай', 'Елизавета', 'Романовна', 'f', 5500199, '2007-01-17', 36, 6, 6)
, (164, 'Порфирьев', 'Вячеслав', 'Дмитриевич', 'm', 5500200, '2003-09-06', 36, 6, 6)
, (165, 'Осокина', 'Татьяна', 'Игоревна', 'f', 5500201, '2006-03-02', 36, 5, 5)
, (166, 'Русанова', 'Кира', 'Павловна', 'f', 5500202, '2011-11-29', 36, 7, 7)
, (167, 'Зиновьев', 'Георгий', 'Александрович', 'm', 5500203, '2009-09-16', 36, 7, 7)
, (168, 'Бойцов', 'Дмитрий', 'Вадимович', 'm', 5500204, '2010-03-14', 36, 6, 6)
, (169, 'Мотуз', 'Карина', 'Денисовна', 'f', 5500205, '2011-06-28', 36, 6, 6)
, (170, 'Смородинов', 'Андрей', 'Андреевич', 'm', 5500206, '2007-09-18', 36, 6, 6)
, (171, 'Пророченко', 'Диана', 'Максимовна', 'f', 5500207, '2006-10-03', 26, 7, 7)
, (172, 'Грибанова', 'Ирина', 'Витальевна', 'f', 5500208, '2010-06-20', 26, 7, 7)
, (173, 'Гребенников', 'Илья', 'Максимович', 'm', 5500209, '2008-06-14', 26, 7, 7)
, (174, 'Клейменова', 'Полина', 'Олеговна', 'f', 5500210, '2008-06-03', 26, 7, 7)
, (175, 'Макагонова', 'Вероника', 'Олеговна', 'f', 5500211, '2011-10-12', 14, 7, 7)
, (176, 'Максимова', 'Екатерина', 'Дмитриевна', 'f', 5500212, '2005-11-08', 18, 6, 6)
, (177, 'Жидкова', 'Юлия', 'Сергеевна', 'f', 5500213, '1996-09-15', 18, 6, 6)
, (178, 'Тартыжов', 'Александр', 'Юрьевич', 'm', 5500214, '2005-05-17', 18, 6, 6)
, (179, 'Комлев', 'Дмитрий', 'Викторович', 'm', 5500215, '2011-03-15', 18, 7, 7)
, (180, 'Космачёва', 'Василиса', 'Евгеньевна', 'f', 5500216, '2013-03-05', 18, 7, 7)
, (181, 'Горькова', 'Марьяна', 'Максимовна', 'f', 5500217, '2011-10-17', 30, 7, 7)
, (182, 'Гавриш', 'Андрей', 'Андреевич', 'm', 5500218, '2008-08-03', 14, 7, 7)
, (183, 'Лебедь', 'Ульяна', 'Андреевна', 'f', 5500219, '2007-05-12', 14, 7, 7)
, (184, 'Лазарев', 'Максим', 'Юрьевич', 'm', 5500220, '2010-06-22', 14, 7, 7)
, (185, 'Потехина', 'Анастасия', 'Владимировна', 'f', 5500221, '2010-07-18', 14, 7, 7)
, (186, 'Гулькина', 'Мария', 'Михайловна', 'f', 5500222, '2009-04-08', 2, 7, 7)
, (187, 'Юдина', 'Елизавета', 'Валерьевна', 'f', 5500223, '2008-08-20', 2, 7, 7)
, (188, 'Князева', 'Елизавета', 'Александровна', 'f', 5500224, '2009-05-08', 2, 7, 7)
, (189, 'Иванова', 'Дарья', 'Алексеевна', 'f', 5500225, '2010-08-11', 30, 7, 7)
, (190, 'Васин', 'Илья', 'Александрович', 'm', 5500226, '2010-07-18', 3, 7, 7)
, (191, 'Семилетов', 'Алексей', 'Михайлович', 'm', 5500227, '1990-06-01', 16, 6, 6)
, (192, 'Герш', 'Юлия', 'Александровна', 'f', 5500228, '1988-12-18', 16, 6, 6)
, (193, 'Майорова', 'Анна', 'Александровна', 'f', 5500229, '2008-09-20', 36, 7, 7)
, (194, 'Севостьянова', 'Арина', 'Сергеевна', 'f', 5500230, '2009-02-06', 36, 7, 7)
, (195, 'Андреева', 'Виктория', 'Антоновна', 'f', 5500231, '2010-04-27', 36, 6, 6)
, (196, 'Игнатова', 'Виктория', 'Сергеевна', 'f', 5500232, '2013-08-17', 36, 7, 7)
, (197, 'Торопченков', 'Владислав', 'Сергеевич', 'm', 5500233, '2009-12-18', 36, 6, 6)
, (198, 'Клесов', 'Тимофей', 'Дмитриевич', 'm', 5500234, '2001-01-08', 36, 4, 4)
, (199, 'Афанасьева', 'Виктория', 'Михайловна', 'f', 5500235, '2007-05-11', 4, 7, 7)
, (200, 'Сандуляк', 'Матвей', 'Сергеевич', 'm', 5500236, '2009-03-20', 17, 7, 7)
, (201, 'Громова', 'Юлия', 'Алексеевна', 'f', 5500237, '2012-06-26', 17, 7, 7)
, (202, 'Тирских', 'Андрей', 'Андреевич', 'm', 5500238, '2011-03-05', 17, 7, 7)
, (203, 'Кораблева', 'Ксения', 'Дмитриевна', 'f', 5500239, '2010-10-03', 17, 7, 7)
, (204, 'Кораблева', 'Лариса', 'Дмитриевна', 'f', 5500240, '2010-10-03', 17, 7, 7)
, (205, 'Дидковская', 'Алина', 'Александровна', 'f', 5500241, '2006-10-26', 6, 5, 5)
, (206, 'Кладова', 'Марина', 'Евгеньевна', 'f', 5500242, '2007-09-12', 17, 6, 6)
, (207, 'Тихомиров', 'Роман', 'Львович', 'm', 5500243, '1963-10-02', 2, 6, 6)
, (208, 'Фон-Рип', 'Лотта', 'Анатольевна', 'f', 5500244, '1969-11-14', 2, 6, 6)
, (209, 'Сухорукова', 'Полина', 'Павловна', 'f', 5500245, '2010-09-23', 14, 7, 7)
, (210, 'Дубцова', 'Мария', 'Александровна', 'f', 5500246, '2009-06-25', 32, 7, 7)
, (211, 'Абрамова', 'Амелия', 'Арменовна', 'f', 5500247, '2012-07-26', 32, 7, 7)
, (212, 'Устриков', 'Николай', 'Дмитриевич', 'm', 5500248, '2010-09-17', 32, 7, 7)
, (213, 'Галебцова', 'Маргарита', 'Сергеевна', 'f', 5500249, '2011-04-25', 32, 7, 7)
, (214, 'Балинт', 'Алёна', 'Александровна', 'f', 5500250, '2012-12-17', 14, 7, 7)
, (215, 'Зудикова', 'Мария', 'Андреевна', 'f', 5500251, '2007-04-03', 26, 7, 7)
, (216, 'Алиев', 'Рубин', 'Ренатович', 'm', 5500252, '1965-08-19', 6, 6, 6)
, (217, 'Евсеева', 'Елена', 'Владимировна', 'f', 5500253, '1977-07-30', 6, 6, 6)
, (218, 'Городецкий', 'Михаил', 'Олегович', 'm', 5500254, '2006-12-21', 30, 7, 7)
, (219, 'Домрачева', 'Дарья', 'Алексеевна', 'f', 5500255, '2007-03-02', 30, 7, 7)
, (220, 'Кан', 'Александр', 'Чуньлэевич', 'm', 5500256, '2011-05-16', 30, 7, 7)
, (221, 'Горькова', 'Лилия', 'Максимовна', 'f', 5500257, '2013-09-17', 30, 7, 7)
, (222, 'Кудрявцев', 'Кирилл', 'Михайлович', 'm', 5500258, '2009-04-30', 30, 7, 7)
, (223, 'Поплавская', 'Диана', 'Станиславовна', 'f', 5500259, '2009-04-30', 30, 7, 7)
, (224, 'Киба', 'Александра', 'Владимировна', 'f', 5500260, '2011-07-06', 34, 7, 7)
, (225, 'Чепелева', 'Варвара', 'Сергеевна', 'f', 5500261, '2010-07-28', 14, 7, 7)
, (226, 'Хрусталёва', 'Елизавета', 'Михайловна', 'f', 5500262, '2007-01-29', 14, 6, 6)
, (227, 'Бусарова', 'Арина', 'Андреевна', 'f', 5500263, '2014-08-15', 38, 9, 9)
, (228, 'Покровский', 'Дмитрий', 'Дмитриевич', 'm', 5500264, '2013-06-28', 38, 9, 9)
, (229, 'Важова', 'Дарья', 'Алексеевна', 'f', 5500265, '2013-11-08', 38, 9, 9)
, (230, 'Расходчикова', 'Анна', 'Алексеевна', 'f', 5500266, '2015-06-10', 38, 9, 9)
, (231, 'Кабанов', 'Глеб', 'Александрович', 'm', 5500267, '2015-01-14', 38, 9, 9)
, (232, 'Муравьёва', 'Софья', 'Сергеевна', 'f', 5500268, '2013-07-09', 38, 9, 9)
, (233, 'Оловянщикова', 'Валерия', 'Андреевна', 'f', 5500269, '2016-08-29', 38, 10, 10)
, (234, 'Шадаев', 'Марсель', 'Шамильевич', 'm', 5500270, '2012-05-24', 38, 9, 9)
, (235, 'Васильева', 'Владимира', 'Сергеевна', 'f', 5500271, '2017-03-23', 38, 10, 10)
, (236, 'Коронная', 'Елизавета', 'Дмитриевна', 'f', 5500272, '2015-04-11', 30, 10, 10)
, (237, 'Пушкин', 'Димитрий', 'Владиславович', 'm', 5500273, '2014-02-22', 30, 10, 10)
, (238, 'Николаева', 'Марта', 'Алексеевна', 'f', 5500274, '2017-12-07', 38, 10, 10)
, (239, 'Злобина', 'Есения', 'Александровна', 'f', 5530033, '2014-02-07', 6, 8, 8)
, (240, 'Коновалов', 'Никита', 'Русланович', 'm', 5530042, '2012-06-07', 17, 9, 9)
, (241, 'Нейчева', 'Анжелика', 'Владимировна', 'f', 5530060, '2012-06-26', 17, 9, 9)
, (242, 'Олексина', 'София', 'Богдановна', 'f', 5530064, '2011-12-29', 17, 8, 8)
, (243, 'Фролова', 'Анна', 'Олеговна', 'f', 5530089, '2014-12-12', 31, 10, 10)
, (244, 'Яббарова', 'Нона', 'Евгеньевна', 'f', 5530098, '2011-06-15', 6, 7, 7)
, (245, 'Карюков', 'Петр', 'Алексеевич', 'm', 5530102, '2014-11-06', 18, 9, 9)
, (246, 'Абросимова', 'Виктория', 'Сергеевна', 'f', 5530103, '2015-07-03', 18, 9, 9)
, (247, 'Ефимова', 'Полина', 'Артёмовна', 'f', 5530104, '2014-06-29', 30, 10, 10)
, (248, 'Сударев', 'Борислав', 'Дмитриевич', 'm', 5530105, '2007-12-15', 4, 8, 8)
, (249, 'Гриднев', 'Андрей', 'Сергеевич', 'm', 5530106, '2012-08-18', 17, 8, 8)
, (250, 'Трушина', 'Вероника', 'Сергеевна', 'f', 5530107, '2014-08-23', 6, 7, 7)
, (251, 'Мартынова', 'Полина', 'Николаевна', 'f', 5530108, '2011-07-10', 6, 9, 9)
, (252, 'Трофимова', 'Елизавета', 'Дмитриевна', 'f', 5530109, '2015-02-21', 31, 10, 10)
, (253, 'Лелекова', 'Полина', 'Витальевна', 'f', 5530110, '2014-09-10', 31, 10, 10)
, (254, 'Фомкина', 'Олеся', 'Андреевна', 'f', 5530111, '2013-08-09', 31, 10, 10)
, (255, 'Сидорова', 'Арина', 'Александровна', 'f', 5530112, '2014-07-13', 31, 10, 10)
, (256, 'Морозова', 'Дарина', 'Дмитриевна', 'f', 5530113, '2013-02-08', 27, 9, 9)
, (257, 'Фомина', 'Зоя', 'Игоревна', 'f', 5530114, '2013-05-15', 26, 9, 9)
, (258, 'Фомин', 'Семён', 'Игоревич', 'm', 5530115, '2011-03-24', 27, 10, 10)
, (259, 'Коробейников', 'Савва', 'Алексеевич', 'm', 5530116, '2007-09-16', 44, 9, 9)
, (260, 'Саклакова', 'Милада', 'Михайловна', 'f', 5530117, '2012-06-21', 44, 9, 9)
, (261, 'Тютюнник', 'София', 'Ильинична', 'f', 5530118, '2014-03-30', 44, 10, 10)
, (262, 'Абазид', 'Даниэль', '', 'm', 5530119, '1900-01-01', 7, 8, 8)
, (263, 'Литвинова', 'София', '', 'f', 5530120, '1900-01-01', 7, 8, 8)
, (264, 'Антипова', 'Алиса', '', 'f', 5530121, '1900-01-01', 7, 9, 9)
, (265, 'Пивоварова', 'Арина', '', 'f', 5530122, '1900-01-01', 7, 9, 9)
, (266, 'Протасова', 'Мария', '', 'f', 5530123, '1900-01-01', 7, 8, 8)
, (267, 'Слатов', 'Вячеслав', '', 'm', 5530124, '1900-01-01', 7, 9, 9)
, (268, 'Уварова', 'Виктория', '', 'f', 5530125, '1900-01-01', 7, 9, 9)
, (269, 'Маслова', 'Виктория', '', 'f', 5530126, '1900-01-01', 7, 9, 9)
, (270, 'Оболяева', 'Полина', '', 'f', 5530127, '1900-01-01', 7, 10, 10)
, (271, 'Полетика', 'Мария', '', 'f', 5530128, '1900-01-01', 7, 10, 10)
, (272, 'Соклова', 'Дарья', '', 'f', 5530129, '1900-01-01', 7, 10, 10)
, (273, 'Соколова', 'Елизавета', '', 'f', 5530130, '1900-01-01', 7, 10, 10)
, (274, 'Тихонова', 'Милана', '', 'f', 5530131, '1900-01-01', 7, 10, 10)
, (275, 'Фернандес', 'Эмили', '', 'f', 5530132, '1900-01-01', 7, 10, 10)
, (276, 'Алтухова', 'Ксения', 'Владимировна', 'f', 5530133, '2012-06-05', 45, 8, 8)
, (277, 'Челнакова', 'Полина', '', 'f', 5530134, '1900-01-01', 26, 8, 8)
, (278, 'Вуколова', 'Полина', '', 'f', 5530135, '1900-01-01', 26, 8, 8)
, (279, 'Осипова', 'Милана', '', 'f', 5530136, '1900-01-01', 26, 9, 9)
, (280, 'Ясько', 'Анна', '', 'f', 5530137, '1900-01-01', 26, 9, 9)
, (281, 'Богородская', 'Олеся', 'Николаевна', 'f', 5530138, '2014-09-14', 45, 9, 9)
, (282, 'Житваева', 'Лиана', 'Руслановна', 'f', 5530139, '2012-07-26', 45, 8, 8)
, (283, 'Васильев', 'Кирилл', 'Евгеньевич', 'm', 5590102, '2012-07-22', 4, 9, 9)
, (284, 'Пестова', 'Анна', 'Николаевна', 'f', 5590103, '2011-04-09', 4, 9, 9)
, (285, 'Пальчикова', 'Ангелина', 'Владимировна', 'f', 5590104, '2008-09-28', 4, 8, 8)
, (286, 'Мартынова', 'Кристина', '', 'f', 5590106, '2011-10-07', 6, 9, 9)
, (287, 'Афанасьева', 'Вероника', 'Денисовна', 'f', 5590107, '2013-07-22', 27, 10, 10)
, (288, 'Сулковская', 'Мария', 'Александровна', 'f', 5590108, '2013-09-28', 26, 9, 9)
, (289, 'Артемьева', 'Диана', 'Сергеевна', 'f', 5590109, '2013-08-11', 27, 10, 10)
, (290, 'Павлова', 'Джулия', 'Ахмедовна', 'f', 5590110, '2013-05-01', 27, 8, 8)
, (291, 'Попаденко', 'Ксения', 'Анатольевна', 'f', 5590111, '2012-06-14', 27, 9, 9)
, (292, 'Голубева', 'Лидия', 'Викторовна', 'f', 5590112, '2010-08-31', 27, 9, 9)
;

delete from CLASS_HISTORY where true;
INSERT INTO CLASS_HISTORY (dancerId, classIdSt, classIdLa) VALUES
	 (1,7,7),
	 (2,7,7),
	 (3,7,7),
	 (4,7,7),
	 (5,7,7),
	 (6,7,7),
	 (7,6,6),
	 (8,7,7),
	 (9,5,5),
	 (10,6,6),
	 (11,7,7),
	 (12,7,7),
	 (13,7,7),
	 (14,7,7),
	 (15,7,7),
	 (16,7,7),
	 (17,7,7),
	 (18,7,7),
	 (19,6,6),
	 (20,6,6),
	 (21,6,6),
	 (22,6,6),
	 (23,7,7),
	 (24,7,7),
	 (25,6,6),
	 (26,6,6),
	 (27,7,7),
	 (28,7,7),
	 (29,6,6),
	 (30,6,6),
	 (31,6,6),
	 (32,6,6),
	 (33,7,7),
	 (34,6,6),
	 (35,6,6),
	 (36,5,5),
	 (37,6,6),
	 (38,6,6),
	 (39,7,7),
	 (40,6,6),
	 (41,6,6),
	 (42,6,6),
	 (43,6,6),
	 (44,6,6),
	 (45,7,7),
	 (46,6,6),
	 (47,7,7),
	 (48,7,7),
	 (49,7,7),
	 (50,7,7),
	 (51,7,7),
	 (52,7,7),
	 (53,7,7),
	 (54,6,6),
	 (55,7,7),
	 (56,6,6),
	 (57,6,6),
	 (58,7,7),
	 (59,7,7),
	 (60,7,7),
	 (61,7,7),
	 (62,7,7),
	 (63,7,7),
	 (64,7,7),
	 (65,7,7),
	 (66,7,7),
	 (67,7,7),
	 (68,6,6),
	 (69,6,6),
	 (70,7,7),
	 (71,6,6),
	 (72,5,5),
	 (73,6,6),
	 (74,7,7),
	 (75,7,7),
	 (76,7,7),
	 (77,7,7),
	 (78,7,7),
	 (79,7,7),
	 (80,7,7),
	 (81,6,6),
	 (82,7,7),
	 (83,6,6),
	 (84,7,7),
	 (85,6,6),
	 (86,7,7),
	 (87,7,7),
	 (88,7,7),
	 (89,6,6),
	 (90,7,7),
	 (91,7,7),
	 (92,7,7),
	 (93,7,7),
	 (94,6,6),
	 (95,6,6),
	 (96,6,6),
	 (97,7,7),
	 (98,7,7),
	 (99,7,7),
	 (100,6,6),
	 (101,6,6),
	 (102,6,6),
	 (103,6,6),
	 (104,6,6),
	 (105,6,6),
	 (106,6,6),
	 (107,7,7),
	 (108,7,7),
	 (109,7,7),
	 (110,6,6),
	 (111,7,7),
	 (112,7,7),
	 (113,6,6),
	 (114,7,7),
	 (115,7,7),
	 (116,7,7),
	 (117,7,7),
	 (118,7,7),
	 (119,5,5),
	 (120,5,5),
	 (121,6,6),
	 (122,6,6),
	 (123,5,5),
	 (124,5,5),
	 (125,5,5),
	 (126,4,4),
	 (127,5,5),
	 (128,4,4),
	 (129,4,4),
	 (130,5,5),
	 (131,5,5),
	 (132,3,3),
	 (133,4,4),
	 (134,6,6),
	 (135,6,6),
	 (136,5,5),
	 (137,6,6),
	 (138,6,6),
	 (139,5,5),
	 (140,5,5),
	 (141,6,6),
	 (142,5,5),
	 (143,5,5),
	 (144,6,6),
	 (145,7,7),
	 (146,6,6),
	 (147,6,6),
	 (148,6,6),
	 (149,6,6),
	 (150,7,7),
	 (151,6,6),
	 (152,7,7),
	 (153,6,6),
	 (154,7,7),
	 (155,7,7),
	 (156,6,6),
	 (157,6,6),
	 (158,6,6),
	 (159,6,6),
	 (160,5,5),
	 (161,5,5),
	 (162,5,5),
	 (163,6,6),
	 (164,6,6),
	 (165,5,5),
	 (166,7,7),
	 (167,7,7),
	 (168,6,6),
	 (169,6,6),
	 (170,6,6),
	 (171,7,7),
	 (172,7,7),
	 (173,7,7),
	 (174,7,7),
	 (175,7,7),
	 (176,6,6),
	 (177,6,6),
	 (178,6,6),
	 (179,7,7),
	 (180,7,7),
	 (181,7,7),
	 (182,7,7),
	 (183,7,7),
	 (184,7,7),
	 (185,7,7),
	 (186,7,7),
	 (187,7,7),
	 (188,7,7),
	 (189,7,7),
	 (190,7,7),
	 (191,6,6),
	 (192,6,6),
	 (193,7,7),
	 (194,7,7),
	 (195,6,6),
	 (196,7,7),
	 (197,6,6),
	 (198,4,4),
	 (199,7,7),
	 (200,7,7),
	 (201,7,7),
	 (202,7,7),
	 (203,7,7),
	 (204,7,7),
	 (205,5,5),
	 (206,6,6),
	 (207,6,6),
	 (208,6,6),
	 (209,7,7),
	 (210,7,7),
	 (211,7,7),
	 (212,7,7),
	 (213,7,7),
	 (214,7,7),
	 (215,7,7),
	 (216,6,6),
	 (217,6,6),
	 (218,7,7),
	 (219,7,7),
	 (220,7,7),
	 (221,7,7),
	 (222,7,7),
	 (223,7,7),
	 (224,7,7),
	 (225,7,7),
	 (226,6,6),
	 (227,9,9),
	 (228,9,9),
	 (229,9,9),
	 (230,9,9),
	 (231,9,9),
	 (232,9,9),
	 (233,10,10),
	 (234,9,9),
	 (235,10,10),
	 (236,10,10),
	 (237,10,10),
	 (238,10,10),
	 (239,8,8),
	 (240,9,9),
	 (241,9,9),
	 (242,8,8),
	 (243,10,10),
	 (244,7,7),
	 (245,9,9),
	 (246,9,9),
	 (247,10,10),
	 (248,8,8),
	 (249,8,8),
	 (250,7,7),
	 (251,9,9),
	 (252,10,10),
	 (253,10,10),
	 (254,10,10),
	 (255,10,10),
	 (256,9,9),
	 (257,9,9),
	 (258,10,10),
	 (259,9,9),
	 (260,9,9),
	 (261,10,10),
	 (262,8,8),
	 (263,8,8),
	 (264,9,9),
	 (265,9,9),
	 (266,8,8),
	 (267,9,9),
	 (268,9,9),
	 (269,9,9),
	 (270,10,10),
	 (271,10,10),
	 (272,10,10),
	 (273,10,10),
	 (274,10,10),
	 (275,10,10),
	 (276,8,8),
	 (277,8,8),
	 (278,8,8),
	 (279,9,9),
	 (280,9,9),
	 (281,9,9),
	 (282,8,8),
	 (283,9,9),
	 (284,9,9),
	 (285,8,8),
	 (286,9,9),
	 (287,10,10),
	 (288,9,9),
	 (289,10,10),
	 (290,8,8),
	 (291,9,9),
	 (292,9,9)
;
